Geographic area,Indicator,Sex,Current age,Education Level,Wealth Quintile,Residence,Number of Living Children,Unit multiplier,Unit of measure,SOURCE_LINK,SERIES_FOOTNOTE,TIME_PERIOD,OBS_VALUE,Observation Status,Observation confidentaility,DATA_SOURCE,LOWER_BOUND,UPPER_BOUND,WGTD_SAMPL_SIZE,UNWGTD_SAMPL_SIZE,TIME_PERIOD_METHOD,COVERAGE_TIME,Time interval at which the source data are collected,OBS_FOOTNOTE
Afghanistan,Percentage of girls (aged 15-17 years) who have experienced sexual violence,Total,15 to 17 years old,Total,Total,Total,Total,,%,,,2015,5.8,Reanalysed,Free,DHS 2015,,,,,End of fieldwork,2015,Not Known,Ever-married girls who experienced sexual violence by a husband
Angola,Percentage of girls (aged 15-17 years) who have experienced sexual violence,Total,15 to 17 years old,Total,Total,Total,Total,,%,,,2016,3.5,Reanalysed,Free,DHS 2015-16,,,,,End of fieldwork,2015-16,Not Known,
Burundi,Percentage of girls (aged 15-17 years) who have experienced sexual violence,Total,15 to 17 years old,Total,Total,Total,Total,,%,,,2017,8.8,Reanalysed,Free,DHS 2016-17,,,,,End of fieldwork,2016-17,Not Known,
Cambodia,Percentage of girls (aged 15-17 years) who have experienced sexual violence,Total,15 to 17 years old,Total,Total,Total,Total,,%,,,2014,0,Reanalysed,Free,DHS 2014,,,,,End of fieldwork,2014,Not Known,
Cameroon,Percentage of girls (aged 15-17 years) who have experienced sexual violence,Total,15 to 17 years old,Total,Total,Total,Total,,%,,,2011,17.6,Reanalysed,Free,DHS 2011,,,,,End of fieldwork,2011,Not Known,
Chad,Percentage of girls (aged 15-17 years) who have experienced sexual violence,Total,15 to 17 years old,Total,Total,Total,Total,,%,,,2015,3.7,Reanalysed,Free,DHS 2014-15,,,,,End of fieldwork,2014-15,Not Known,
Colombia,Percentage of girls (aged 15-17 years) who have experienced sexual violence,Total,15 to 17 years old,Total,Total,Total,Total,,%,,,2015,7.5,Reanalysed,Free,DHS 2015,,,,,End of fieldwork,2015,Not Known,Ever-married girls who experienced sexual violence (including non-partner violence)
Comoros,Percentage of girls (aged 15-17 years) who have experienced sexual violence,Total,15 to 17 years old,Total,Total,Total,Total,,%,,,2012,5.3,Reanalysed,Free,DHS 2012,,,,,End of fieldwork,2012,Not Known,
Democratic Republic of the Congo,Percentage of girls (aged 15-17 years) who have experienced sexual violence,Total,15 to 17 years old,Total,Total,Total,Total,,%,,,2014,13.2,Reanalysed,Free,DHS 2013-14,,,,,End of fieldwork,2013-14,Not Known,
Dominican Republic,Percentage of girls (aged 15-17 years) who have experienced sexual violence,Total,15 to 17 years old,Total,Total,Total,Total,,%,,,2013,4.3,Reanalysed,Free,DHS 2013,,,,,End of fieldwork,2013,Not Known,
Egypt,Percentage of girls (aged 15-17 years) who have experienced sexual violence,Total,15 to 17 years old,Total,Total,Total,Total,,%,,,2014,3,Reanalysed,Free,DHS 2014,,,,,End of fieldwork,2014,Not Known,Ever-married girls who experienced sexual violence by a husband
Ethiopia,Percentage of girls (aged 15-17 years) who have experienced sexual violence,Total,15 to 17 years old,Total,Total,Total,Total,,%,,,2016,2.1,Reanalysed,Free,DHS 2016,,,,,End of fieldwork,2016,Not Known,
Gabon,Percentage of girls (aged 15-17 years) who have experienced sexual violence,Total,15 to 17 years old,Total,Total,Total,Total,,%,,,2012,12.3,Reanalysed,Free,DHS 2012,,,,,End of fieldwork,2012,Not Known,
Gambia,Percentage of girls (aged 15-17 years) who have experienced sexual violence,Total,15 to 17 years old,Total,Total,Total,Total,,%,,,2013,3,Reanalysed,Free,DHS 2013,,,,,End of fieldwork,2013,Not Known,
Guatemala,Percentage of girls (aged 15-17 years) who have experienced sexual violence,Total,15 to 17 years old,Total,Total,Total,Total,,%,,,2015,3.7,Reanalysed,Free,DHS 2014-15,,,,,End of fieldwork,2014-15,Not Known,
Haiti,Percentage of girls (aged 15-17 years) who have experienced sexual violence,Total,15 to 17 years old,Total,Total,Total,Total,,%,,,2017,4.8,Reanalysed,Free,DHS 2016-17,,,,,End of fieldwork,2016-17,Not Known,
Honduras,Percentage of girls (aged 15-17 years) who have experienced sexual violence,Total,15 to 17 years old,Total,Total,Total,Total,,%,,,2012,5.6,Reanalysed,Free,DHS 2011-12,,,,,End of fieldwork,2011-12,Not Known,
India,Percentage of girls (aged 15-17 years) who have experienced sexual violence,Total,15 to 17 years old,Total,Total,Total,Total,,%,,,2016,1.7,Reanalysed,Free,DHS 2015-16,,,,,End of fieldwork,2015-16,Not Known,
Jordan,Percentage of girls (aged 15-17 years) who have experienced sexual violence,Total,15 to 17 years old,Total,Total,Total,Total,,%,,,2018,2.7,Reanalysed,Free,DHS 2017-18,,,,,End of fieldwork,2017-18,Not Known,Ever-married girls who experienced sexual violence by a husband
Kenya,Percentage of girls (aged 15-17 years) who have experienced sexual violence,Total,15 to 17 years old,Total,Total,Total,Total,,%,,,2014,4.8,Reanalysed,Free,DHS 2014,,,,,End of fieldwork,2014,Not Known,
Kyrgyzstan,Percentage of girls (aged 15-17 years) who have experienced sexual violence,Total,15 to 17 years old,Total,Total,Total,Total,,%,,,2012,0.1,Reanalysed,Free,DHS 2012,,,,,End of fieldwork,2012,Not Known,
Malawi,Percentage of girls (aged 15-17 years) who have experienced sexual violence,Total,15 to 17 years old,Total,Total,Total,Total,,%,,,2016,10.6,Reanalysed,Free,DHS 2015-16,,,,,End of fieldwork,2015-16,Not Known,
Maldives,Percentage of girls (aged 15-17 years) who have experienced sexual violence,Total,15 to 17 years old,Total,Total,Total,Total,,%,,,2017,9.9,Reanalysed,Free,DHS 2016-17,,,,,End of fieldwork,2016-17,Not Known,
Mozambique,Percentage of girls (aged 15-17 years) who have experienced sexual violence,Total,15 to 17 years old,Total,Total,Total,Total,,%,,,2011,7.8,Reanalysed,Free,DHS 2011,,,,,End of fieldwork,2011,Not Known,
Myanmar,Percentage of girls (aged 15-17 years) who have experienced sexual violence,Total,15 to 17 years old,Total,Total,Total,Total,,%,,,2016,0.4,Reanalysed,Free,DHS 2015-16,,,,,End of fieldwork,2015-16,Not Known,
Namibia,Percentage of girls (aged 15-17 years) who have experienced sexual violence,Total,15 to 17 years old,Total,Total,Total,Total,,%,,,2013,8.4,Reanalysed,Free,DHS 2013,,,,,End of fieldwork,2013,Not Known,
Nepal,Percentage of girls (aged 15-17 years) who have experienced sexual violence,Total,15 to 17 years old,Total,Total,Total,Total,,%,,,2016,1.7,Reanalysed,Free,DHS 2016,,,,,End of fieldwork,2016,Not Known,
Pakistan,Percentage of girls (aged 15-17 years) who have experienced sexual violence,Total,15 to 17 years old,Total,Total,Total,Total,,%,,,2018,12,Reanalysed,Free,DHS 2017-18,,,,,End of fieldwork,2017-18,Not Known,Ever-married girls who experienced sexual violence by a husband; does not include Azad Jammu and Kashmir and Gilgit Baltistan regions
Philippines,Percentage of girls (aged 15-17 years) who have experienced sexual violence,Total,15 to 17 years old,Total,Total,Total,Total,,%,,,2017,2.3,Reanalysed,Free,DHS 2017,,,,,End of fieldwork,2017,Not Known,
Rwanda,Percentage of girls (aged 15-17 years) who have experienced sexual violence,Total,15 to 17 years old,Total,Total,Total,Total,,%,,,2015,14,Reanalysed,Free,DHS 2014-15,,,,,End of fieldwork,2014-15,Not Known,
Senegal,Percentage of girls (aged 15-17 years) who have experienced sexual violence,Total,15 to 17 years old,Total,Total,Total,Total,,%,,,2017,5.4,Reanalysed,Free,Continuous DHS 2017,,,,,End of fieldwork,2017,Not Known,
Sierra Leone,Percentage of girls (aged 15-17 years) who have experienced sexual violence,Total,15 to 17 years old,Total,Total,Total,Total,,%,,,2013,5.3,Reanalysed,Free,DHS 2013,,,,,End of fieldwork,2013,Not Known,
Tajikistan,Percentage of girls (aged 15-17 years) who have experienced sexual violence,Total,15 to 17 years old,Total,Total,Total,Total,,%,,,2017,0,Reanalysed,Free,DHS 2017,,,,,End of fieldwork,2017,Not Known,
Timor-Leste,Percentage of girls (aged 15-17 years) who have experienced sexual violence,Total,15 to 17 years old,Total,Total,Total,Total,,%,,,2016,2.4,Reanalysed,Free,DHS 2016,,,,,End of fieldwork,2016,Not Known,
Togo,Percentage of girls (aged 15-17 years) who have experienced sexual violence,Total,15 to 17 years old,Total,Total,Total,Total,,%,,,2014,4.9,Reanalysed,Free,DHS 2013-14,,,,,End of fieldwork,2013-14,Not Known,
Uganda,Percentage of girls (aged 15-17 years) who have experienced sexual violence,Total,15 to 17 years old,Total,Total,Total,Total,,%,,,2016,8.6,Reanalysed,Free,DHS 2016,,,,,End of fieldwork,2016,Not Known,
United Republic of Tanzania,Percentage of girls (aged 15-17 years) who have experienced sexual violence,Total,15 to 17 years old,Total,Total,Total,Total,,%,,,2016,8.1,Reanalysed,Free,DHS 2015-16,,,,,End of fieldwork,2015-16,Not Known,
Zambia,Percentage of girls (aged 15-17 years) who have experienced sexual violence,Total,15 to 17 years old,Total,Total,Total,Total,,%,,,2014,6.4,Reanalysed,Free,DHS 2013-14,,,,,End of fieldwork,2013-14,Not Known,
Zimbabwe,Percentage of girls (aged 15-17 years) who have experienced sexual violence,Total,15 to 17 years old,Total,Total,Total,Total,,%,,,2015,8.7,Reanalysed,Free,DHS 2015,,,,,End of fieldwork,2015,Not Known,
Angola,Percentage of girls (aged 15-17 years) who have ever experienced any sexual violence and sought help from a professional,Total,15 to 17 years old,Total,Total,Total,Total,,%,,,2016,3.2,Low reliability,Free,DHS 2015-16,,,,,End of fieldwork,2015-16,Not Known,
Burundi,Percentage of girls (aged 15-17 years) who have ever experienced any sexual violence and sought help from a professional,Total,15 to 17 years old,Total,Total,Total,Total,,%,,,2017,8.9,Reanalysed,Free,DHS 2016-17,,,,,End of fieldwork,2016-17,Not Known,
Cameroon,Percentage of girls (aged 15-17 years) who have ever experienced any sexual violence and sought help from a professional,Total,15 to 17 years old,Total,Total,Total,Total,,%,,,2011,2.3,Reanalysed,Free,DHS 2011,,,,,End of fieldwork,2011,Not Known,Includes first unwanted sex
Democratic Republic of the Congo,Percentage of girls (aged 15-17 years) who have ever experienced any sexual violence and sought help from a professional,Total,15 to 17 years old,Total,Total,Total,Total,,%,,,2014,0.3,Reanalysed,Free,DHS 2013-14,,,,,End of fieldwork,2013-14,Not Known,
Dominican Republic,Percentage of girls (aged 15-17 years) who have ever experienced any sexual violence and sought help from a professional,Total,15 to 17 years old,Total,Total,Total,Total,,%,,,2013,11.5,Low reliability,Free,DHS 2013,,,,,End of fieldwork,2013,Not Known,
Gabon,Percentage of girls (aged 15-17 years) who have ever experienced any sexual violence and sought help from a professional,Total,15 to 17 years old,Total,Total,Total,Total,,%,,,2012,3.9,Reanalysed,Free,DHS 2012,,,,,End of fieldwork,2012,Not Known,
Guatemala,Percentage of girls (aged 15-17 years) who have ever experienced any sexual violence and sought help from a professional,Total,15 to 17 years old,Total,Total,Total,Total,,%,,,2015,4.5,Low reliability,Free,DHS 2014-15,,,,,End of fieldwork,2014-15,Not Known,
Haiti,Percentage of girls (aged 15-17 years) who have ever experienced any sexual violence and sought help from a professional,Total,15 to 17 years old,Total,Total,Total,Total,,%,,,2017,12.2,Low reliability,Free,DHS 2016-17,,,,,End of fieldwork,2016-17,Not Known,
Honduras,Percentage of girls (aged 15-17 years) who have ever experienced any sexual violence and sought help from a professional,Total,15 to 17 years old,Total,Total,Total,Total,,%,,,2012,7,Reanalysed,Free,DHS 2011-12,,,,,End of fieldwork,2011-12,Not Known,
India,Percentage of girls (aged 15-17 years) who have ever experienced any sexual violence and sought help from a professional,Total,15 to 17 years old,Total,Total,Total,Total,,%,,,2016,5.1,Reanalysed,Free,DHS 2015-16,,,,,End of fieldwork,2015-16,Not Known,
Malawi,Percentage of girls (aged 15-17 years) who have ever experienced any sexual violence and sought help from a professional,Total,15 to 17 years old,Total,Total,Total,Total,,%,,,2016,0,Reanalysed,Free,DHS 2015-16,,,,,End of fieldwork,2015-16,Not Known,
Mozambique,Percentage of girls (aged 15-17 years) who have ever experienced any sexual violence and sought help from a professional,Total,15 to 17 years old,Total,Total,Total,Total,,%,,,2011,1,Reanalysed,Free,DHS 2011,,,,,End of fieldwork,2011,Not Known,Includes first unwanted sex
Philippines,Percentage of girls (aged 15-17 years) who have ever experienced any sexual violence and sought help from a professional,Total,15 to 17 years old,Total,Total,Total,Total,,%,,,2017,2.9,Low reliability,Free,DHS 2017,,,,,End of fieldwork,2017,Not Known,
Rwanda,Percentage of girls (aged 15-17 years) who have ever experienced any sexual violence and sought help from a professional,Total,15 to 17 years old,Total,Total,Total,Total,,%,,,2015,8.6,Low reliability,Free,DHS 2014-15,,,,,End of fieldwork,2014-15,Not Known,
Uganda,Percentage of girls (aged 15-17 years) who have ever experienced any sexual violence and sought help from a professional,Total,15 to 17 years old,Total,Total,Total,Total,,%,,,2016,3,Reanalysed,Free,DHS 2016,,,,,End of fieldwork,2016,Not Known,
United Republic of Tanzania,Percentage of girls (aged 15-17 years) who have ever experienced any sexual violence and sought help from a professional,Total,15 to 17 years old,Total,Total,Total,Total,,%,,,2016,3.6,Reanalysed,Free,DHS 2015-16,,,,,End of fieldwork,2015-16,Not Known,
Zambia,Percentage of girls (aged 15-17 years) who have ever experienced any sexual violence and sought help from a professional,Total,15 to 17 years old,Total,Total,Total,Total,,%,,,2014,2,Reanalysed,Free,DHS 2013-14,,,,,End of fieldwork,2013-14,Not Known,
Zimbabwe,Percentage of girls (aged 15-17 years) who have ever experienced any sexual violence and sought help from a professional,Total,15 to 17 years old,Total,Total,Total,Total,,%,,,2015,9.7,Reanalysed,Free,DHS 2015,,,,,End of fieldwork,2015,Not Known,
Afghanistan,Percentage of women (aged 18-29 years) who experienced sexual violence by age 18,Total,18 to 29 years old,Total,Total,Total,Total,,%,,,2015,1.1,Reanalysed,Free,DHS 2015,,,,,End of fieldwork,2015,Not Known,Ever-married women
Afghanistan,Percentage of women (aged 18-29 years) who experienced sexual violence by age 18,Total,18 to 19 years old,Total,Total,Total,Total,,%,,,2015,1.1,Reanalysed,Free,DHS 2015,,,,,End of fieldwork,2015,Not Known,Ever-married women
Afghanistan,Percentage of women (aged 18-29 years) who experienced sexual violence by age 18,Total,20 to 24 years old,Total,Total,Total,Total,,%,,,2015,1.3,Reanalysed,Free,DHS 2015,,,,,End of fieldwork,2015,Not Known,Ever-married women
Afghanistan,Percentage of women (aged 18-29 years) who experienced sexual violence by age 18,Total,25 to 29 years old,Total,Total,Total,Total,,%,,,2015,1,Reanalysed,Free,DHS 2015,,,,,End of fieldwork,2015,Not Known,Ever-married women
Angola,Percentage of women (aged 18-29 years) who experienced sexual violence by age 18,Total,18 to 29 years old,Total,Total,Total,Total,,%,,,2016,4.6,Reanalysed,Free,DHS 2015-16,,,,,End of fieldwork,2015-16,Not Known,
Angola,Percentage of women (aged 18-29 years) who experienced sexual violence by age 18,Total,18 to 19 years old,Total,Total,Total,Total,,%,,,2016,6.3,Reanalysed,Free,DHS 2015-16,,,,,End of fieldwork,2015-16,Not Known,
Angola,Percentage of women (aged 18-29 years) who experienced sexual violence by age 18,Total,20 to 24 years old,Total,Total,Total,Total,,%,,,2016,5.3,Reanalysed,Free,DHS 2015-16,,,,,End of fieldwork,2015-16,Not Known,
Angola,Percentage of women (aged 18-29 years) who experienced sexual violence by age 18,Total,25 to 29 years old,Total,Total,Total,Total,,%,,,2016,2.8,Reanalysed,Free,DHS 2015-16,,,,,End of fieldwork,2015-16,Not Known,
Bangladesh,Percentage of women (aged 18-29 years) who experienced sexual violence by age 18,Total,18 to 29 years old,Total,Total,Total,Total,,%,,,2015,3.5,Reanalysed,Free,Violence against Women Survey 2015,,,,,End of fieldwork,2015,Not Known,Refers only to experiences of non-partner sexual violence; definition of sexual violence differs from standard
Burundi,Percentage of women (aged 18-29 years) who experienced sexual violence by age 18,Total,18 to 29 years old,Total,Total,Total,Total,,%,,,2017,3.5,Reanalysed,Free,DHS 2016-17,,,,,End of fieldwork,2016-17,Not Known,
Burundi,Percentage of women (aged 18-29 years) who experienced sexual violence by age 18,Total,18 to 19 years old,Total,Total,Total,Total,,%,,,2017,2.5,Reanalysed,Free,DHS 2016-17,,,,,End of fieldwork,2016-17,Not Known,
Burundi,Percentage of women (aged 18-29 years) who experienced sexual violence by age 18,Total,20 to 24 years old,Total,Total,Total,Total,,%,,,2017,3.6,Reanalysed,Free,DHS 2016-17,,,,,End of fieldwork,2016-17,Not Known,
Burundi,Percentage of women (aged 18-29 years) who experienced sexual violence by age 18,Total,25 to 29 years old,Total,Total,Total,Total,,%,,,2017,3.8,Reanalysed,Free,DHS 2016-17,,,,,End of fieldwork,2016-17,Not Known,
Cambodia,Percentage of women (aged 18-29 years) who experienced sexual violence by age 18,Total,18 to 29 years old,Total,Total,Total,Total,,%,,,2014,1.7,Reanalysed,Free,DHS 2014,,,,,End of fieldwork,2014,Not Known,
Cambodia,Percentage of women (aged 18-29 years) who experienced sexual violence by age 18,Total,18 to 19 years old,Total,Total,Total,Total,,%,,,2014,2.4,Reanalysed,Free,DHS 2014,,,,,End of fieldwork,2014,Not Known,
Cambodia,Percentage of women (aged 18-29 years) who experienced sexual violence by age 18,Total,20 to 24 years old,Total,Total,Total,Total,,%,,,2014,1.7,Reanalysed,Free,DHS 2014,,,,,End of fieldwork,2014,Not Known,
Cambodia,Percentage of women (aged 18-29 years) who experienced sexual violence by age 18,Total,25 to 29 years old,Total,Total,Total,Total,,%,,,2014,1.4,Reanalysed,Free,DHS 2014,,,,,End of fieldwork,2014,Not Known,
Cameroon,Percentage of women (aged 18-29 years) who experienced sexual violence by age 18,Total,18 to 29 years old,Total,Total,Total,Total,,%,,,2011,16,Reanalysed,Free,EDS-MICS 2011,,,,,End of fieldwork,2011,Not Known,
Cameroon,Percentage of women (aged 18-29 years) who experienced sexual violence by age 18,Total,18 to 19 years old,Total,Total,Total,Total,,%,,,2011,21.6,Reanalysed,Free,EDS-MICS 2011,,,,,End of fieldwork,2011,Not Known,
Cameroon,Percentage of women (aged 18-29 years) who experienced sexual violence by age 18,Total,20 to 24 years old,Total,Total,Total,Total,,%,,,2011,15.9,Reanalysed,Free,EDS-MICS 2011,,,,,End of fieldwork,2011,Not Known,
Cameroon,Percentage of women (aged 18-29 years) who experienced sexual violence by age 18,Total,25 to 29 years old,Total,Total,Total,Total,,%,,,2011,13.4,Reanalysed,Free,EDS-MICS 2011,,,,,End of fieldwork,2011,Not Known,
Chad,Percentage of women (aged 18-29 years) who experienced sexual violence by age 18,Total,18 to 29 years old,Total,Total,Total,Total,,%,,,2015,1.8,Reanalysed,Free,DHS 2014-15,,,,,End of fieldwork,2014-15,Not Known,
Chad,Percentage of women (aged 18-29 years) who experienced sexual violence by age 18,Total,18 to 19 years old,Total,Total,Total,Total,,%,,,2015,2.9,Reanalysed,Free,DHS 2014-15,,,,,End of fieldwork,2014-15,Not Known,
Chad,Percentage of women (aged 18-29 years) who experienced sexual violence by age 18,Total,20 to 24 years old,Total,Total,Total,Total,,%,,,2015,1.5,Reanalysed,Free,DHS 2014-15,,,,,End of fieldwork,2014-15,Not Known,
Chad,Percentage of women (aged 18-29 years) who experienced sexual violence by age 18,Total,25 to 29 years old,Total,Total,Total,Total,,%,,,2015,1.6,Reanalysed,Free,DHS 2014-15,,,,,End of fieldwork,2014-15,Not Known,
Colombia,Percentage of women (aged 18-29 years) who experienced sexual violence by age 18,Total,18 to 29 years old,Total,Total,Total,Total,,%,,,2015,2.2,Reanalysed,Free,DHS 2015,,,,,End of fieldwork,2015,Not Known,
Colombia,Percentage of women (aged 18-29 years) who experienced sexual violence by age 18,Total,18 to 19 years old,Total,Total,Total,Total,,%,,,2015,1.6,Reanalysed,Free,DHS 2015,,,,,End of fieldwork,2015,Not Known,
Colombia,Percentage of women (aged 18-29 years) who experienced sexual violence by age 18,Total,20 to 24 years old,Total,Total,Total,Total,,%,,,2015,2.3,Reanalysed,Free,DHS 2015,,,,,End of fieldwork,2015,Not Known,
Colombia,Percentage of women (aged 18-29 years) who experienced sexual violence by age 18,Total,25 to 29 years old,Total,Total,Total,Total,,%,,,2015,2.2,Reanalysed,Free,DHS 2015,,,,,End of fieldwork,2015,Not Known,
Comoros,Percentage of women (aged 18-29 years) who experienced sexual violence by age 18,Total,18 to 29 years old,Total,Total,Total,Total,,%,,,2012,3.1,Reanalysed,Free,DHS 2012,,,,,End of fieldwork,2012,Not Known,
Comoros,Percentage of women (aged 18-29 years) who experienced sexual violence by age 18,Total,18 to 19 years old,Total,Total,Total,Total,,%,,,2012,2.6,Reanalysed,Free,DHS 2012,,,,,End of fieldwork,2012,Not Known,
Comoros,Percentage of women (aged 18-29 years) who experienced sexual violence by age 18,Total,20 to 24 years old,Total,Total,Total,Total,,%,,,2012,3.5,Reanalysed,Free,DHS 2012,,,,,End of fieldwork,2012,Not Known,
Comoros,Percentage of women (aged 18-29 years) who experienced sexual violence by age 18,Total,25 to 29 years old,Total,Total,Total,Total,,%,,,2012,3.1,Reanalysed,Free,DHS 2012,,,,,End of fieldwork,2012,Not Known,
Democratic Republic of the Congo,Percentage of women (aged 18-29 years) who experienced sexual violence by age 18,Total,18 to 29 years old,Total,Total,Total,Total,,%,,,2014,13.4,Reanalysed,Free,DHS 2013-14,,,,,End of fieldwork,2013-14,Not Known,
Democratic Republic of the Congo,Percentage of women (aged 18-29 years) who experienced sexual violence by age 18,Total,18 to 19 years old,Total,Total,Total,Total,,%,,,2014,17.5,Reanalysed,Free,DHS 2013-14,,,,,End of fieldwork,2013-14,Not Known,
Democratic Republic of the Congo,Percentage of women (aged 18-29 years) who experienced sexual violence by age 18,Total,20 to 24 years old,Total,Total,Total,Total,,%,,,2014,14.6,Reanalysed,Free,DHS 2013-14,,,,,End of fieldwork,2013-14,Not Known,
Democratic Republic of the Congo,Percentage of women (aged 18-29 years) who experienced sexual violence by age 18,Total,25 to 29 years old,Total,Total,Total,Total,,%,,,2014,10.2,Reanalysed,Free,DHS 2013-14,,,,,End of fieldwork,2013-14,Not Known,
Dominican Republic,Percentage of women (aged 18-29 years) who experienced sexual violence by age 18,Total,18 to 29 years old,Total,Total,Total,Total,,%,,,2013,1.3,Reanalysed,Free,DHS 2013,,,,,End of fieldwork,2013,Not Known,
Dominican Republic,Percentage of women (aged 18-29 years) who experienced sexual violence by age 18,Total,18 to 19 years old,Total,Total,Total,Total,,%,,,2013,1.7,Reanalysed,Free,DHS 2013,,,,,End of fieldwork,2013,Not Known,
Dominican Republic,Percentage of women (aged 18-29 years) who experienced sexual violence by age 18,Total,20 to 24 years old,Total,Total,Total,Total,,%,,,2013,1.1,Reanalysed,Free,DHS 2013,,,,,End of fieldwork,2013,Not Known,
Dominican Republic,Percentage of women (aged 18-29 years) who experienced sexual violence by age 18,Total,25 to 29 years old,Total,Total,Total,Total,,%,,,2013,1.3,Reanalysed,Free,DHS 2013,,,,,End of fieldwork,2013,Not Known,
Ethiopia,Percentage of women (aged 18-29 years) who experienced sexual violence by age 18,Total,18 to 29 years old,Total,Total,Total,Total,,%,,,2016,5.1,Reanalysed,Free,DHS 2016,,,,,End of fieldwork,2016,Not Known,
Ethiopia,Percentage of women (aged 18-29 years) who experienced sexual violence by age 18,Total,18 to 19 years old,Total,Total,Total,Total,,%,,,2016,5.4,Reanalysed,Free,DHS 2016,,,,,End of fieldwork,2016,Not Known,
Ethiopia,Percentage of women (aged 18-29 years) who experienced sexual violence by age 18,Total,20 to 24 years old,Total,Total,Total,Total,,%,,,2016,4.6,Reanalysed,Free,DHS 2016,,,,,End of fieldwork,2016,Not Known,
Ethiopia,Percentage of women (aged 18-29 years) who experienced sexual violence by age 18,Total,25 to 29 years old,Total,Total,Total,Total,,%,,,2016,5.3,Reanalysed,Free,DHS 2016,,,,,End of fieldwork,2016,Not Known,
Gabon,Percentage of women (aged 18-29 years) who experienced sexual violence by age 18,Total,18 to 29 years old,Total,Total,Total,Total,,%,,,2012,9.3,Reanalysed,Free,DHS 2012,,,,,End of fieldwork,2012,Not Known,
Gabon,Percentage of women (aged 18-29 years) who experienced sexual violence by age 18,Total,18 to 19 years old,Total,Total,Total,Total,,%,,,2012,12.8,Reanalysed,Free,DHS 2012,,,,,End of fieldwork,2012,Not Known,
Gabon,Percentage of women (aged 18-29 years) who experienced sexual violence by age 18,Total,20 to 24 years old,Total,Total,Total,Total,,%,,,2012,10.1,Reanalysed,Free,DHS 2012,,,,,End of fieldwork,2012,Not Known,
Gabon,Percentage of women (aged 18-29 years) who experienced sexual violence by age 18,Total,25 to 29 years old,Total,Total,Total,Total,,%,,,2012,6.8,Reanalysed,Free,DHS 2012,,,,,End of fieldwork,2012,Not Known,
Gambia,Percentage of women (aged 18-29 years) who experienced sexual violence by age 18,Total,18 to 29 years old,Total,Total,Total,Total,,%,,,2013,0.4,Reanalysed,Free,DHS 2013,,,,,End of fieldwork,2013,Not Known,
Gambia,Percentage of women (aged 18-29 years) who experienced sexual violence by age 18,Total,18 to 19 years old,Total,Total,Total,Total,,%,,,2013,0,Reanalysed,Free,DHS 2013,,,,,End of fieldwork,2013,Not Known,
Gambia,Percentage of women (aged 18-29 years) who experienced sexual violence by age 18,Total,20 to 24 years old,Total,Total,Total,Total,,%,,,2013,0.5,Reanalysed,Free,DHS 2013,,,,,End of fieldwork,2013,Not Known,
Gambia,Percentage of women (aged 18-29 years) who experienced sexual violence by age 18,Total,25 to 29 years old,Total,Total,Total,Total,,%,,,2013,0.5,Reanalysed,Free,DHS 2013,,,,,End of fieldwork,2013,Not Known,
Guatemala,Percentage of women (aged 18-29 years) who experienced sexual violence by age 18,Total,18 to 29 years old,Total,Total,Total,Total,,%,,,2015,4,Reanalysed,Free,DHS 2014-15,,,,,End of fieldwork,2014-15,Not Known,
Guatemala,Percentage of women (aged 18-29 years) who experienced sexual violence by age 18,Total,18 to 19 years old,Total,Total,Total,Total,,%,,,2015,3,Reanalysed,Free,DHS 2014-15,,,,,End of fieldwork,2014-15,Not Known,
Guatemala,Percentage of women (aged 18-29 years) who experienced sexual violence by age 18,Total,20 to 24 years old,Total,Total,Total,Total,,%,,,2015,4.2,Reanalysed,Free,DHS 2014-15,,,,,End of fieldwork,2014-15,Not Known,
Guatemala,Percentage of women (aged 18-29 years) who experienced sexual violence by age 18,Total,25 to 29 years old,Total,Total,Total,Total,,%,,,2015,4.3,Reanalysed,Free,DHS 2014-15,,,,,End of fieldwork,2014-15,Not Known,
Haiti,Percentage of women (aged 18-29 years) who experienced sexual violence by age 18,Total,18 to 29 years old,Total,Total,Total,Total,,%,,,2017,4.8,Reanalysed,Free,DHS 2016-17,,,,,End of fieldwork,2016-17,Not Known,
Haiti,Percentage of women (aged 18-29 years) who experienced sexual violence by age 18,Total,18 to 19 years old,Total,Total,Total,Total,,%,,,2017,8.3,Reanalysed,Free,DHS 2016-17,,,,,End of fieldwork,2016-17,Not Known,
Haiti,Percentage of women (aged 18-29 years) who experienced sexual violence by age 18,Total,20 to 24 years old,Total,Total,Total,Total,,%,,,2017,4.8,Reanalysed,Free,DHS 2016-17,,,,,End of fieldwork,2016-17,Not Known,
Haiti,Percentage of women (aged 18-29 years) who experienced sexual violence by age 18,Total,25 to 29 years old,Total,Total,Total,Total,,%,,,2017,3,Reanalysed,Free,DHS 2016-17,,,,,End of fieldwork,2016-17,Not Known,
Honduras,Percentage of women (aged 18-29 years) who experienced sexual violence by age 18,Total,18 to 29 years old,Total,Total,Total,Total,,%,,,2012,5.1,Reanalysed,Free,DHS 2011-12,,,,,End of fieldwork,2011-12,Not Known,
Honduras,Percentage of women (aged 18-29 years) who experienced sexual violence by age 18,Total,18 to 19 years old,Total,Total,Total,Total,,%,,,2012,4.7,Reanalysed,Free,DHS 2011-12,,,,,End of fieldwork,2011-12,Not Known,
Honduras,Percentage of women (aged 18-29 years) who experienced sexual violence by age 18,Total,20 to 24 years old,Total,Total,Total,Total,,%,,,2012,5,Reanalysed,Free,DHS 2011-12,,,,,End of fieldwork,2011-12,Not Known,
Honduras,Percentage of women (aged 18-29 years) who experienced sexual violence by age 18,Total,25 to 29 years old,Total,Total,Total,Total,,%,,,2012,5.6,Reanalysed,Free,DHS 2011-12,,,,,End of fieldwork,2011-12,Not Known,
India,Percentage of women (aged 18-29 years) who experienced sexual violence by age 18,Total,18 to 29 years old,Total,Total,Total,Total,,%,,,2016,1.3,Reanalysed,Free,DHS 2015-16,,,,,End of fieldwork,2015-16,Not Known,
India,Percentage of women (aged 18-29 years) who experienced sexual violence by age 18,Total,18 to 19 years old,Total,Total,Total,Total,,%,,,2016,0.9,Reanalysed,Free,DHS 2015-16,,,,,End of fieldwork,2015-16,Not Known,
India,Percentage of women (aged 18-29 years) who experienced sexual violence by age 18,Total,20 to 24 years old,Total,Total,Total,Total,,%,,,2016,1.1,Reanalysed,Free,DHS 2015-16,,,,,End of fieldwork,2015-16,Not Known,
India,Percentage of women (aged 18-29 years) who experienced sexual violence by age 18,Total,25 to 29 years old,Total,Total,Total,Total,,%,,,2016,1.6,Reanalysed,Free,DHS 2015-16,,,,,End of fieldwork,2015-16,Not Known,
Jamaica,Percentage of women (aged 18-29 years) who experienced sexual violence by age 18,Total,18 to 29 years old,Total,Total,Total,Total,,%,,,2016,2.3,Reanalysed,Free,Women's Health Survey 2016,,,,,End of fieldwork,2016,Not Known,Definition of sexual violence differs from the standard
Kenya,Percentage of women (aged 18-29 years) who experienced sexual violence by age 18,Total,18 to 29 years old,Total,Total,Total,Total,,%,,,2014,4.4,Reanalysed,Free,DHS 2014,,,,,End of fieldwork,2014,Not Known,
Kenya,Percentage of women (aged 18-29 years) who experienced sexual violence by age 18,Total,18 to 19 years old,Total,Total,Total,Total,,%,,,2014,8.2,Reanalysed,Free,DHS 2014,,,,,End of fieldwork,2014,Not Known,
Kenya,Percentage of women (aged 18-29 years) who experienced sexual violence by age 18,Total,20 to 24 years old,Total,Total,Total,Total,,%,,,2014,4.4,Reanalysed,Free,DHS 2014,,,,,End of fieldwork,2014,Not Known,
Kenya,Percentage of women (aged 18-29 years) who experienced sexual violence by age 18,Total,25 to 29 years old,Total,Total,Total,Total,,%,,,2014,3.2,Reanalysed,Free,DHS 2014,,,,,End of fieldwork,2014,Not Known,
Malawi,Percentage of women (aged 18-29 years) who experienced sexual violence by age 18,Total,18 to 29 years old,Total,Total,Total,Total,,%,,,2016,4.1,Reanalysed,Free,DHS 2015-16,,,,,End of fieldwork,2015-16,Not Known,
Malawi,Percentage of women (aged 18-29 years) who experienced sexual violence by age 18,Total,18 to 19 years old,Total,Total,Total,Total,,%,,,2016,3.2,Reanalysed,Free,DHS 2015-16,,,,,End of fieldwork,2015-16,Not Known,
Malawi,Percentage of women (aged 18-29 years) who experienced sexual violence by age 18,Total,20 to 24 years old,Total,Total,Total,Total,,%,,,2016,4.8,Reanalysed,Free,DHS 2015-16,,,,,End of fieldwork,2015-16,Not Known,
Malawi,Percentage of women (aged 18-29 years) who experienced sexual violence by age 18,Total,25 to 29 years old,Total,Total,Total,Total,,%,,,2016,3.8,Reanalysed,Free,DHS 2015-16,,,,,End of fieldwork,2015-16,Not Known,
Mozambique,Percentage of women (aged 18-29 years) who experienced sexual violence by age 18,Total,18 to 29 years old,Total,Total,Total,Total,,%,,,2015,1.9,Reanalysed,Free,AIS 2015,,,,,End of fieldwork,2015,Not Known,
Mozambique,Percentage of women (aged 18-29 years) who experienced sexual violence by age 18,Total,18 to 19 years old,Total,Total,Total,Total,,%,,,2015,3.2,Reanalysed,Free,AIS 2015,,,,,End of fieldwork,2015,Not Known,
Mozambique,Percentage of women (aged 18-29 years) who experienced sexual violence by age 18,Total,20 to 24 years old,Total,Total,Total,Total,,%,,,2015,1.7,Reanalysed,Free,AIS 2015,,,,,End of fieldwork,2015,Not Known,
Mozambique,Percentage of women (aged 18-29 years) who experienced sexual violence by age 18,Total,25 to 29 years old,Total,Total,Total,Total,,%,,,2015,1.4,Reanalysed,Free,AIS 2015,,,,,End of fieldwork,2015,Not Known,
Myanmar,Percentage of women (aged 18-29 years) who experienced sexual violence by age 18,Total,18 to 29 years old,Total,Total,Total,Total,,%,,,2016,1.2,Reanalysed,Free,DHS 2015-16,,,,,End of fieldwork,2015-16,Not Known,
Myanmar,Percentage of women (aged 18-29 years) who experienced sexual violence by age 18,Total,18 to 19 years old,Total,Total,Total,Total,,%,,,2016,1.5,Reanalysed,Free,DHS 2015-16,,,,,End of fieldwork,2015-16,Not Known,
Myanmar,Percentage of women (aged 18-29 years) who experienced sexual violence by age 18,Total,20 to 24 years old,Total,Total,Total,Total,,%,,,2016,1.3,Reanalysed,Free,DHS 2015-16,,,,,End of fieldwork,2015-16,Not Known,
Myanmar,Percentage of women (aged 18-29 years) who experienced sexual violence by age 18,Total,25 to 29 years old,Total,Total,Total,Total,,%,,,2016,1,Reanalysed,Free,DHS 2015-16,,,,,End of fieldwork,2015-16,Not Known,
Namibia,Percentage of women (aged 18-29 years) who experienced sexual violence by age 18,Total,18 to 29 years old,Total,Total,Total,Total,,%,,,2013,0.5,Reanalysed,Free,DHS 2013,,,,,End of fieldwork,2013,Not Known,
Namibia,Percentage of women (aged 18-29 years) who experienced sexual violence by age 18,Total,18 to 19 years old,Total,Total,Total,Total,,%,,,2013,2.2,Reanalysed,Free,DHS 2013,,,,,End of fieldwork,2013,Not Known,
Namibia,Percentage of women (aged 18-29 years) who experienced sexual violence by age 18,Total,20 to 24 years old,Total,Total,Total,Total,,%,,,2013,0.1,Reanalysed,Free,DHS 2013,,,,,End of fieldwork,2013,Not Known,
Namibia,Percentage of women (aged 18-29 years) who experienced sexual violence by age 18,Total,25 to 29 years old,Total,Total,Total,Total,,%,,,2013,0.2,Reanalysed,Free,DHS 2013,,,,,End of fieldwork,2013,Not Known,
Nepal,Percentage of women (aged 18-29 years) who experienced sexual violence by age 18,Total,18 to 29 years old,Total,Total,Total,Total,,%,,,2016,3,Reanalysed,Free,DHS 2016,,,,,End of fieldwork,2016,Not Known,
Nepal,Percentage of women (aged 18-29 years) who experienced sexual violence by age 18,Total,18 to 19 years old,Total,Total,Total,Total,,%,,,2016,4.1,Reanalysed,Free,DHS 2016,,,,,End of fieldwork,2016,Not Known,
Nepal,Percentage of women (aged 18-29 years) who experienced sexual violence by age 18,Total,20 to 24 years old,Total,Total,Total,Total,,%,,,2016,3.1,Reanalysed,Free,DHS 2016,,,,,End of fieldwork,2016,Not Known,
Nepal,Percentage of women (aged 18-29 years) who experienced sexual violence by age 18,Total,25 to 29 years old,Total,Total,Total,Total,,%,,,2016,2.4,Reanalysed,Free,DHS 2016,,,,,End of fieldwork,2016,Not Known,
Panama,Percentage of women (aged 18-29 years) who experienced sexual violence by age 18,Total,18 to 29 years old,Total,Total,Total,Total,,%,,,2015,3.4,Reanalysed,Free,ENASSER 2014-15,,,,,End of fieldwork,2014-15,Not Known,
Philippines,Percentage of women (aged 18-29 years) who experienced sexual violence by age 18,Total,18 to 29 years old,Total,Total,Total,Total,,%,,,2017,2,Reanalysed,Free,DHS 2017,,,,,End of fieldwork,2017,Not Known,
Philippines,Percentage of women (aged 18-29 years) who experienced sexual violence by age 18,Total,18 to 19 years old,Total,Total,Total,Total,,%,,,2017,2.5,Reanalysed,Free,DHS 2017,,,,,End of fieldwork,2017,Not Known,
Philippines,Percentage of women (aged 18-29 years) who experienced sexual violence by age 18,Total,20 to 24 years old,Total,Total,Total,Total,,%,,,2017,2,Reanalysed,Free,DHS 2017,,,,,End of fieldwork,2017,Not Known,
Philippines,Percentage of women (aged 18-29 years) who experienced sexual violence by age 18,Total,25 to 29 years old,Total,Total,Total,Total,,%,,,2017,1.7,Reanalysed,Free,DHS 2017,,,,,End of fieldwork,2017,Not Known,
Rwanda,Percentage of women (aged 18-29 years) who experienced sexual violence by age 18,Total,18 to 29 years old,Total,Total,Total,Total,,%,,,2015,9.9,Reanalysed,Free,DHS 2014-15,,,,,End of fieldwork,2014-15,Not Known,
Rwanda,Percentage of women (aged 18-29 years) who experienced sexual violence by age 18,Total,18 to 19 years old,Total,Total,Total,Total,,%,,,2015,12,Reanalysed,Free,DHS 2014-15,,,,,End of fieldwork,2014-15,Not Known,
Rwanda,Percentage of women (aged 18-29 years) who experienced sexual violence by age 18,Total,20 to 24 years old,Total,Total,Total,Total,,%,,,2015,11,Reanalysed,Free,DHS 2014-15,,,,,End of fieldwork,2014-15,Not Known,
Rwanda,Percentage of women (aged 18-29 years) who experienced sexual violence by age 18,Total,25 to 29 years old,Total,Total,Total,Total,,%,,,2015,7.9,Reanalysed,Free,DHS 2014-15,,,,,End of fieldwork,2014-15,Not Known,
Senegal,Percentage of women (aged 18-29 years) who experienced sexual violence by age 18,Total,18 to 29 years old,Total,Total,Total,Total,,%,,,2017,2.1,Reanalysed,Free,Continuous DHS 2017,,,,,End of fieldwork,2017,Not Known,
Senegal,Percentage of women (aged 18-29 years) who experienced sexual violence by age 18,Total,18 to 19 years old,Total,Total,Total,Total,,%,,,2017,4.9,Reanalysed,Free,Continuous DHS 2017,,,,,End of fieldwork,2017,Not Known,
Senegal,Percentage of women (aged 18-29 years) who experienced sexual violence by age 18,Total,20 to 24 years old,Total,Total,Total,Total,,%,,,2017,1.3,Reanalysed,Free,Continuous DHS 2017,,,,,End of fieldwork,2017,Not Known,
Senegal,Percentage of women (aged 18-29 years) who experienced sexual violence by age 18,Total,25 to 29 years old,Total,Total,Total,Total,,%,,,2017,1.5,Reanalysed,Free,Continuous DHS 2017,,,,,End of fieldwork,2017,Not Known,
Sierra Leone,Percentage of women (aged 18-29 years) who experienced sexual violence by age 18,Total,18 to 29 years old,Total,Total,Total,Total,,%,,,2013,1.8,Reanalysed,Free,DHS 2013,,,,,End of fieldwork,2013,Not Known,
Sierra Leone,Percentage of women (aged 18-29 years) who experienced sexual violence by age 18,Total,18 to 19 years old,Total,Total,Total,Total,,%,,,2013,3.3,Reanalysed,Free,DHS 2013,,,,,End of fieldwork,2013,Not Known,
Sierra Leone,Percentage of women (aged 18-29 years) who experienced sexual violence by age 18,Total,20 to 24 years old,Total,Total,Total,Total,,%,,,2013,1.6,Reanalysed,Free,DHS 2013,,,,,End of fieldwork,2013,Not Known,
Sierra Leone,Percentage of women (aged 18-29 years) who experienced sexual violence by age 18,Total,25 to 29 years old,Total,Total,Total,Total,,%,,,2013,1.4,Reanalysed,Free,DHS 2013,,,,,End of fieldwork,2013,Not Known,
Sweden,Percentage of women (aged 18-29 years) who experienced sexual violence by age 18,Total,18 to 74 years old,Total,Total,Total,Total,,%,,,2012,13,Reanalysed,Free,A National Prevalence Study on Exposure to Violence among Women and Men and its Association to Health 2012,,,,,End of fieldwork,2012,Not Known,Age group is 18-74 years; definition of sexual violence differs from the standard
Tajikistan,Percentage of women (aged 18-29 years) who experienced sexual violence by age 18,Total,18 to 29 years old,Total,Total,Total,Total,,%,,,2017,0,Reanalysed,Free,DHS 2017,,,,,End of fieldwork,2017,Not Known,
Tajikistan,Percentage of women (aged 18-29 years) who experienced sexual violence by age 18,Total,18 to 19 years old,Total,Total,Total,Total,,%,,,2017,0,Reanalysed,Free,DHS 2017,,,,,End of fieldwork,2017,Not Known,
Tajikistan,Percentage of women (aged 18-29 years) who experienced sexual violence by age 18,Total,20 to 24 years old,Total,Total,Total,Total,,%,,,2017,0,Reanalysed,Free,DHS 2017,,,,,End of fieldwork,2017,Not Known,
Tajikistan,Percentage of women (aged 18-29 years) who experienced sexual violence by age 18,Total,25 to 29 years old,Total,Total,Total,Total,,%,,,2017,0.1,Reanalysed,Free,DHS 2017,,,,,End of fieldwork,2017,Not Known,
Timor-Leste,Percentage of women (aged 18-29 years) who experienced sexual violence by age 18,Total,18 to 29 years old,Total,Total,Total,Total,,%,,,2016,2.8,Reanalysed,Free,DHS 2016,,,,,End of fieldwork,2016,Not Known,
Timor-Leste,Percentage of women (aged 18-29 years) who experienced sexual violence by age 18,Total,18 to 19 years old,Total,Total,Total,Total,,%,,,2016,2.2,Reanalysed,Free,DHS 2016,,,,,End of fieldwork,2016,Not Known,
Timor-Leste,Percentage of women (aged 18-29 years) who experienced sexual violence by age 18,Total,20 to 24 years old,Total,Total,Total,Total,,%,,,2016,3.3,Reanalysed,Free,DHS 2016,,,,,End of fieldwork,2016,Not Known,
Timor-Leste,Percentage of women (aged 18-29 years) who experienced sexual violence by age 18,Total,25 to 29 years old,Total,Total,Total,Total,,%,,,2016,2.6,Reanalysed,Free,DHS 2016,,,,,End of fieldwork,2016,Not Known,
Togo,Percentage of women (aged 18-29 years) who experienced sexual violence by age 18,Total,18 to 29 years old,Total,Total,Total,Total,,%,,,2014,3.8,Reanalysed,Free,DHS 2013-14,,,,,End of fieldwork,2013-14,Not Known,
Togo,Percentage of women (aged 18-29 years) who experienced sexual violence by age 18,Total,18 to 19 years old,Total,Total,Total,Total,,%,,,2014,6,Reanalysed,Free,DHS 2013-14,,,,,End of fieldwork,2013-14,Not Known,
Togo,Percentage of women (aged 18-29 years) who experienced sexual violence by age 18,Total,20 to 24 years old,Total,Total,Total,Total,,%,,,2014,3.8,Reanalysed,Free,DHS 2013-14,,,,,End of fieldwork,2013-14,Not Known,
Togo,Percentage of women (aged 18-29 years) who experienced sexual violence by age 18,Total,25 to 29 years old,Total,Total,Total,Total,,%,,,2014,2.8,Reanalysed,Free,DHS 2013-14,,,,,End of fieldwork,2013-14,Not Known,
Trinidad and Tobago,Percentage of women (aged 18-29 years) who experienced sexual violence by age 18,Total,18 to 29 years old,Total,Total,Total,Total,,%,,,2017,24.8,Reanalysed,Free,National Women's and Health Survey for Trinidad and Tobago 2017,,,,,End of fieldwork,2017,Not Known,Definition of sexual violence differs from the standard
Uganda,Percentage of women (aged 18-29 years) who experienced sexual violence by age 18,Total,18 to 29 years old,Total,Total,Total,Total,,%,,,2016,5.2,Reanalysed,Free,DHS 2016,,,,,End of fieldwork,2016,Not Known,
Uganda,Percentage of women (aged 18-29 years) who experienced sexual violence by age 18,Total,18 to 19 years old,Total,Total,Total,Total,,%,,,2016,5.1,Reanalysed,Free,DHS 2016,,,,,End of fieldwork,2016,Not Known,
Uganda,Percentage of women (aged 18-29 years) who experienced sexual violence by age 18,Total,20 to 24 years old,Total,Total,Total,Total,,%,,,2016,4.8,Reanalysed,Free,DHS 2016,,,,,End of fieldwork,2016,Not Known,
Uganda,Percentage of women (aged 18-29 years) who experienced sexual violence by age 18,Total,25 to 29 years old,Total,Total,Total,Total,,%,,,2016,5.8,Reanalysed,Free,DHS 2016,,,,,End of fieldwork,2016,Not Known,
United Republic of Tanzania,Percentage of women (aged 18-29 years) who experienced sexual violence by age 18,Total,18 to 29 years old,Total,Total,Total,Total,,%,,,2016,7.3,Reanalysed,Free,DHS 2015-16,,,,,End of fieldwork,2015-16,Not Known,
United Republic of Tanzania,Percentage of women (aged 18-29 years) who experienced sexual violence by age 18,Total,18 to 19 years old,Total,Total,Total,Total,,%,,,2016,12,Reanalysed,Free,DHS 2015-16,,,,,End of fieldwork,2015-16,Not Known,
United Republic of Tanzania,Percentage of women (aged 18-29 years) who experienced sexual violence by age 18,Total,20 to 24 years old,Total,Total,Total,Total,,%,,,2016,6.2,Reanalysed,Free,DHS 2015-16,,,,,End of fieldwork,2015-16,Not Known,
United Republic of Tanzania,Percentage of women (aged 18-29 years) who experienced sexual violence by age 18,Total,25 to 29 years old,Total,Total,Total,Total,,%,,,2016,6.1,Reanalysed,Free,DHS 2015-16,,,,,End of fieldwork,2015-16,Not Known,
Burundi,Percentage of boys (aged 15-17 years) who have experienced sexual violence,Total,15 to 17 years old,Total,Total,Total,Total,,%,,,2017,3,Reanalysed,Free,DHS 2016-17,,,,,End of fieldwork,2016-17,,
Cameroon,Percentage of boys (aged 15-17 years) who have experienced sexual violence,Total,15 to 17 years old,Total,Total,Total,Total,,%,,,2011,1.9,Reanalysed,Free,DHS 2011,,,,,End of fieldwork,2011,,
Colombia,Percentage of boys (aged 15-17 years) who have experienced sexual violence,Total,15 to 17 years old,Total,Total,Total,Total,,%,,,2015,11.4,Reanalysed,Free,DHS 2015,,,,,End of fieldwork,2015,,Ever-married boys who experienced sexual violence (including non-partner violence)
Guatemala,Percentage of boys (aged 15-17 years) who have experienced sexual violence,Total,15 to 17 years old,Total,Total,Total,Total,,%,,,2015,0.7,Reanalysed,Free,DHS 2014-15,,,,,End of fieldwork,2014-15,,
Kenya,Percentage of boys (aged 15-17 years) who have experienced sexual violence,Total,15 to 17 years old,Total,Total,Total,Total,,%,,,2011,2.8,Reanalysed,Free,DHS 2014,,,,,End of fieldwork,2011,,
Mozambique,Percentage of boys (aged 15-17 years) who have experienced sexual violence,Total,15 to 17 years old,Total,Total,Total,Total,,%,,,2015,3.1,Reanalysed,Free,DHS 2011,,,,,End of fieldwork,2015,,
Rwanda,Percentage of boys (aged 15-17 years) who have experienced sexual violence,Total,15 to 17 years old,Total,Total,Total,Total,,%,,,2015,3,Reanalysed,Free,DHS 2014-15,,,,,End of fieldwork,2014-15,,
Sierra Leone,Percentage of boys (aged 15-17 years) who have experienced sexual violence,Total,15 to 17 years old,Total,Total,Total,Total,,%,,,2011,4.1,Reanalysed,Free,DHS 2013,,,,,End of fieldwork,2011,,
Uganda,Percentage of boys (aged 15-17 years) who have experienced sexual violence,Total,15 to 17 years old,Total,Total,Total,Total,,%,,,2015,4.2,Reanalysed,Free,DHS 2016,,,,,End of fieldwork,2015,,
Burundi,Percentage of men (aged 18-29 years) who experienced sexual violence by age 18,Total,18 to 29 years old,Total,Total,Total,Total,,%,,,2017,0.2,Reanalysed,Free,DHS 2016-17,,,,,End of fieldwork,2016-17,Not Known,
Burundi,Percentage of men (aged 18-29 years) who experienced sexual violence by age 18,Total,18 to 19 years old,Total,Total,Total,Total,,%,,,2017,0,Reanalysed,Free,DHS 2016-17,,,,,End of fieldwork,2016-17,Not Known,
Burundi,Percentage of men (aged 18-29 years) who experienced sexual violence by age 18,Total,20 to 24 years old,Total,Total,Total,Total,,%,,,2017,0,Reanalysed,Free,DHS 2016-17,,,,,End of fieldwork,2016-17,Not Known,
Burundi,Percentage of men (aged 18-29 years) who experienced sexual violence by age 18,Total,25 to 29 years old,Total,Total,Total,Total,,%,,,2017,0.6,Reanalysed,Free,DHS 2016-17,,,,,End of fieldwork,2016-17,Not Known,
Cameroon,Percentage of men (aged 18-29 years) who experienced sexual violence by age 18,Total,18 to 29 years old,Total,Total,Total,Total,,%,,,2011,4.1,Reanalysed,Free,EDS-MICS 2011,,,,,End of fieldwork,2011,Not Known,
Cameroon,Percentage of men (aged 18-29 years) who experienced sexual violence by age 18,Total,18 to 19 years old,Total,Total,Total,Total,,%,,,2011,0.7,Reanalysed,Free,EDS-MICS 2011,,,,,End of fieldwork,2011,Not Known,
Cameroon,Percentage of men (aged 18-29 years) who experienced sexual violence by age 18,Total,20 to 24 years old,Total,Total,Total,Total,,%,,,2011,4.4,Reanalysed,Free,EDS-MICS 2011,,,,,End of fieldwork,2011,Not Known,
Cameroon,Percentage of men (aged 18-29 years) who experienced sexual violence by age 18,Total,25 to 29 years old,Total,Total,Total,Total,,%,,,2011,5.6,Reanalysed,Free,EDS-MICS 2011,,,,,End of fieldwork,2011,Not Known,
Guatemala,Percentage of men (aged 18-29 years) who experienced sexual violence by age 18,Total,18 to 29 years old,Total,Total,Total,Total,,%,,,2015,1,Reanalysed,Free,DHS 2014-15,,,,,End of fieldwork,2014-15,Not Known,
Guatemala,Percentage of men (aged 18-29 years) who experienced sexual violence by age 18,Total,18 to 19 years old,Total,Total,Total,Total,,%,,,2015,1,Reanalysed,Free,DHS 2014-15,,,,,End of fieldwork,2014-15,Not Known,
Guatemala,Percentage of men (aged 18-29 years) who experienced sexual violence by age 18,Total,20 to 24 years old,Total,Total,Total,Total,,%,,,2015,1,Reanalysed,Free,DHS 2014-15,,,,,End of fieldwork,2014-15,Not Known,
Guatemala,Percentage of men (aged 18-29 years) who experienced sexual violence by age 18,Total,25 to 29 years old,Total,Total,Total,Total,,%,,,2015,1,Reanalysed,Free,DHS 2014-15,,,,,End of fieldwork,2014-15,Not Known,
Kenya,Percentage of men (aged 18-29 years) who experienced sexual violence by age 18,Total,18 to 29 years old,Total,Total,Total,Total,,%,,,2014,1.8,Reanalysed,Free,DHS 2014,,,,,End of fieldwork,2014,Not Known,
Kenya,Percentage of men (aged 18-29 years) who experienced sexual violence by age 18,Total,18 to 19 years old,Total,Total,Total,Total,,%,,,2014,1.4,Reanalysed,Free,DHS 2014,,,,,End of fieldwork,2014,Not Known,
Kenya,Percentage of men (aged 18-29 years) who experienced sexual violence by age 18,Total,20 to 24 years old,Total,Total,Total,Total,,%,,,2014,2.1,Reanalysed,Free,DHS 2014,,,,,End of fieldwork,2014,Not Known,
Kenya,Percentage of men (aged 18-29 years) who experienced sexual violence by age 18,Total,25 to 29 years old,Total,Total,Total,Total,,%,,,2014,1.6,Reanalysed,Free,DHS 2014,,,,,End of fieldwork,2014,Not Known,
Mozambique,Percentage of men (aged 18-29 years) who experienced sexual violence by age 18,Total,18 to 29 years old,Total,Total,Total,Total,,%,,,2015,0.4,Reanalysed,Free,AIS 2015,,,,,End of fieldwork,2015,Not Known,
Mozambique,Percentage of men (aged 18-29 years) who experienced sexual violence by age 18,Total,18 to 19 years old,Total,Total,Total,Total,,%,,,2015,1.3,Reanalysed,Free,AIS 2015,,,,,End of fieldwork,2015,Not Known,
Mozambique,Percentage of men (aged 18-29 years) who experienced sexual violence by age 18,Total,20 to 24 years old,Total,Total,Total,Total,,%,,,2015,0.3,Reanalysed,Free,AIS 2015,,,,,End of fieldwork,2015,Not Known,
Mozambique,Percentage of men (aged 18-29 years) who experienced sexual violence by age 18,Total,25 to 29 years old,Total,Total,Total,Total,,%,,,2015,0,Reanalysed,Free,AIS 2015,,,,,End of fieldwork,2015,Not Known,
Rwanda,Percentage of men (aged 18-29 years) who experienced sexual violence by age 18,Total,18 to 29 years old,Total,Total,Total,Total,,%,,,2015,0.1,Reanalysed,Free,DHS 2014-15,,,,,End of fieldwork,2014-15,Not Known,
Rwanda,Percentage of men (aged 18-29 years) who experienced sexual violence by age 18,Total,18 to 19 years old,Total,Total,Total,Total,,%,,,2015,0,Reanalysed,Free,DHS 2014-15,,,,,End of fieldwork,2014-15,Not Known,
Rwanda,Percentage of men (aged 18-29 years) who experienced sexual violence by age 18,Total,20 to 24 years old,Total,Total,Total,Total,,%,,,2015,0,Reanalysed,Free,DHS 2014-15,,,,,End of fieldwork,2014-15,Not Known,
Rwanda,Percentage of men (aged 18-29 years) who experienced sexual violence by age 18,Total,25 to 29 years old,Total,Total,Total,Total,,%,,,2015,0.2,Reanalysed,Free,DHS 2014-15,,,,,End of fieldwork,2014-15,Not Known,
Sierra Leone,Percentage of men (aged 18-29 years) who experienced sexual violence by age 18,Total,18 to 29 years old,Total,Total,Total,Total,,%,,,2013,0.4,Reanalysed,Free,DHS 2013,,,,,End of fieldwork,2013,Not Known,
Sierra Leone,Percentage of men (aged 18-29 years) who experienced sexual violence by age 18,Total,18 to 19 years old,Total,Total,Total,Total,,%,,,2013,1.1,Reanalysed,Free,DHS 2013,,,,,End of fieldwork,2013,Not Known,
Sierra Leone,Percentage of men (aged 18-29 years) who experienced sexual violence by age 18,Total,20 to 24 years old,Total,Total,Total,Total,,%,,,2013,0.1,Reanalysed,Free,DHS 2013,,,,,End of fieldwork,2013,Not Known,
Sierra Leone,Percentage of men (aged 18-29 years) who experienced sexual violence by age 18,Total,25 to 29 years old,Total,Total,Total,Total,,%,,,2013,0.3,Reanalysed,Free,DHS 2013,,,,,End of fieldwork,2013,Not Known,
Sweden,Percentage of men (aged 18-29 years) who experienced sexual violence by age 18,Total,18 to 74 years old,Total,Total,Total,Total,,%,,,2012,4,Reanalysed,Free,A National Prevalence Study on Exposure to Violence among Women and Men and its Association to Health 2012,,,,,End of fieldwork,2012,Not Known,Age group is 18-74 years; definition of sexual violence differs from the standard
Uganda,Percentage of men (aged 18-29 years) who experienced sexual violence by age 18,Total,18 to 29 years old,Total,Total,Total,Total,,%,,,2016,1.3,Reanalysed,Free,DHS 2016,,,,,End of fieldwork,2016,Not Known,
Uganda,Percentage of men (aged 18-29 years) who experienced sexual violence by age 18,Total,18 to 19 years old,Total,Total,Total,Total,,%,,,2016,0.5,Reanalysed,Free,DHS 2016,,,,,End of fieldwork,2016,Not Known,
Uganda,Percentage of men (aged 18-29 years) who experienced sexual violence by age 18,Total,20 to 24 years old,Total,Total,Total,Total,,%,,,2016,1.1,Reanalysed,Free,DHS 2016,,,,,End of fieldwork,2016,Not Known,
Uganda,Percentage of men (aged 18-29 years) who experienced sexual violence by age 18,Total,25 to 29 years old,Total,Total,Total,Total,,%,,,2016,2.1,Reanalysed,Free,DHS 2016,,,,,End of fieldwork,2016,Not Known,
Benin,Percentage of women (aged 18-29 years) who experienced sexual violence by age 18,Total,18 to 29 years old,Total,Total,Total,Total,,%,,,2018,4.5,Reanalysed,Free,DHS 2017-18,,,,,End of fieldwork,2017-18,Not Known,
Benin,Percentage of women (aged 18-29 years) who experienced sexual violence by age 18,Total,18 to 19 years old,Total,Total,Total,Total,,%,,,2018,7.2,Reanalysed,Free,DHS 2017-18,,,,,End of fieldwork,2017-18,Not Known,
Benin,Percentage of women (aged 18-29 years) who experienced sexual violence by age 18,Total,20 to 24 years old,Total,Total,Total,Total,,%,,,2018,3.9,Reanalysed,Free,DHS 2017-18,,,,,End of fieldwork,2017-18,Not Known,
Benin,Percentage of women (aged 18-29 years) who experienced sexual violence by age 18,Total,25 to 29 years old,Total,Total,Total,Total,,%,,,2018,3.9,Reanalysed,Free,DHS 2017-18,,,,,End of fieldwork,2017-18,Not Known,
Maldives,Percentage of women (aged 18-29 years) who experienced sexual violence by age 18,Total,18 to 29 years old,Total,Total,Total,Total,,%,,,2017,0.4,Reanalysed,Free,DHS 2016-17,,,,,End of fieldwork,2016-17,Not Known,
Maldives,Percentage of women (aged 18-29 years) who experienced sexual violence by age 18,Total,18 to 19 years old,Total,Total,Total,Total,,%,,,2017,0.4,Reanalysed,Free,DHS 2016-17,,,,,End of fieldwork,2016-17,Not Known,
Maldives,Percentage of women (aged 18-29 years) who experienced sexual violence by age 18,Total,20 to 24 years old,Total,Total,Total,Total,,%,,,2017,0.4,Reanalysed,Free,DHS 2016-17,,,,,End of fieldwork,2016-17,Not Known,
Maldives,Percentage of women (aged 18-29 years) who experienced sexual violence by age 18,Total,25 to 29 years old,Total,Total,Total,Total,,%,,,2017,0.5,Reanalysed,Free,DHS 2016-17,,,,,End of fieldwork,2016-17,Not Known,
Nigeria,Percentage of women (aged 18-29 years) who experienced sexual violence by age 18,Total,18 to 29 years old,Total,Total,Total,Total,,%,,,2018,5.3,Reanalysed,Free,DHS 2018,,,,,End of fieldwork,2018,Not Known,
Nigeria,Percentage of women (aged 18-29 years) who experienced sexual violence by age 18,Total,18 to 19 years old,Total,Total,Total,Total,,%,,,2018,8.8,Reanalysed,Free,DHS 2018,,,,,End of fieldwork,2018,Not Known,
Nigeria,Percentage of women (aged 18-29 years) who experienced sexual violence by age 18,Total,20 to 24 years old,Total,Total,Total,Total,,%,,,2018,5.9,Reanalysed,Free,DHS 2018,,,,,End of fieldwork,2018,Not Known,
Nigeria,Percentage of women (aged 18-29 years) who experienced sexual violence by age 18,Total,25 to 29 years old,Total,Total,Total,Total,,%,,,2018,3.5,Reanalysed,Free,DHS 2018,,,,,End of fieldwork,2018,Not Known,
Mali,Percentage of women (aged 18-29 years) who experienced sexual violence by age 18,Total,18 to 29 years old,Total,Total,Total,Total,,%,,,2018,7.3,Reanalysed,Free,DHS 2018,,,,,End of fieldwork,2018,Not Known,"Kidal only covered in urban areas, rural excluded."
Mali,Percentage of women (aged 18-29 years) who experienced sexual violence by age 18,Total,18 to 19 years old,Total,Total,Total,Total,,%,,,2018,11.1,Reanalysed,Free,DHS 2018,,,,,End of fieldwork,2018,Not Known,"Kidal only covered in urban areas, rural excluded."
Mali,Percentage of women (aged 18-29 years) who experienced sexual violence by age 18,Total,20 to 24 years old,Total,Total,Total,Total,,%,,,2018,6.2,Reanalysed,Free,DHS 2018,,,,,End of fieldwork,2018,Not Known,"Kidal only covered in urban areas, rural excluded."
Mali,Percentage of women (aged 18-29 years) who experienced sexual violence by age 18,Total,25 to 29 years old,Total,Total,Total,Total,,%,,,2018,6.6,Reanalysed,Free,DHS 2018,,,,,End of fieldwork,2018,Not Known,"Kidal only covered in urban areas, rural excluded."
Pakistan,Percentage of women (aged 18-29 years) who experienced sexual violence by age 18,Total,18 to 29 years old,Total,Total,Total,Total,,%,,,2018,1.3,Reanalysed,Free,DHS 2017-18,,,,,End of fieldwork,2017-18,Not Known,Ever-married women; does not include Azad Jammu and Kashmir and Gilgit Baltistan regions
Pakistan,Percentage of women (aged 18-29 years) who experienced sexual violence by age 18,Total,18 to 19 years old,Total,Total,Total,Total,,%,,,2018,1.8,Reanalysed,Free,DHS 2017-18,,,,,End of fieldwork,2017-18,Not Known,Ever-married women; does not include Azad Jammu and Kashmir and Gilgit Baltistan regions
Pakistan,Percentage of women (aged 18-29 years) who experienced sexual violence by age 18,Total,20 to 24 years old,Total,Total,Total,Total,,%,,,2018,1.8,Reanalysed,Free,DHS 2017-18,,,,,End of fieldwork,2017-18,Not Known,Ever-married women; does not include Azad Jammu and Kashmir and Gilgit Baltistan regions
Pakistan,Percentage of women (aged 18-29 years) who experienced sexual violence by age 18,Total,25 to 29 years old,Total,Total,Total,Total,,%,,,2018,0.9,Reanalysed,Free,DHS 2017-18,,,,,End of fieldwork,2017-18,Not Known,Ever-married women; does not include Azad Jammu and Kashmir and Gilgit Baltistan regions
South Africa,Percentage of women (aged 18-29 years) who experienced sexual violence by age 18,Total,18 to 29 years old,Total,Total,Total,Total,,%,,,2016,0.6,Reanalysed,Free,DHS 2016,,,,,End of fieldwork,2016,Not Known,Ever-married women
South Africa,Percentage of women (aged 18-29 years) who experienced sexual violence by age 18,Total,18 to 19 years old,Total,Total,Total,Total,,%,,,2016,0.8,Reanalysed,Free,DHS 2016,,,,,End of fieldwork,2016,Not Known,Ever-married women
South Africa,Percentage of women (aged 18-29 years) who experienced sexual violence by age 18,Total,20 to 24 years old,Total,Total,Total,Total,,%,,,2016,0.4,Reanalysed,Free,DHS 2016,,,,,End of fieldwork,2016,Not Known,Ever-married women
South Africa,Percentage of women (aged 18-29 years) who experienced sexual violence by age 18,Total,25 to 29 years old,Total,Total,Total,Total,,%,,,2016,0.8,Reanalysed,Free,DHS 2016,,,,,End of fieldwork,2016,Not Known,Ever-married women
State of Palestine,Percentage of women (aged 18-29 years) who experienced sexual violence by age 18,Total,18 to 29 years old,Total,Total,Total,Total,,%,,,2019,1.8,Reanalysed,Free,Violence Survey of the Palestinian Society 2019,,,,,End of fieldwork,2019,Not Known,Unmarried women
Zambia,Percentage of women (aged 18-29 years) who experienced sexual violence by age 18,Total,18 to 29 years old,Total,Total,Total,Total,,%,,,2018,2.9,Reanalysed,Free,DHS 2018,,,,,End of fieldwork,2018,Not Known,
Zambia,Percentage of women (aged 18-29 years) who experienced sexual violence by age 18,Total,18 to 19 years old,Total,Total,Total,Total,,%,,,2018,2,Reanalysed,Free,DHS 2018,,,,,End of fieldwork,2018,Not Known,
Zambia,Percentage of women (aged 18-29 years) who experienced sexual violence by age 18,Total,20 to 24 years old,Total,Total,Total,Total,,%,,,2018,3.4,Reanalysed,Free,DHS 2018,,,,,End of fieldwork,2018,Not Known,
Zambia,Percentage of women (aged 18-29 years) who experienced sexual violence by age 18,Total,25 to 29 years old,Total,Total,Total,Total,,%,,,2018,2.8,Reanalysed,Free,DHS 2018,,,,,End of fieldwork,2018,Not Known,
Zimbabwe,Percentage of women (aged 18-29 years) who experienced sexual violence by age 18,Total,18 to 29 years old,Total,Total,Total,Total,,%,,,2019,2.4,Reanalysed,Free,MICS 2019,,,,,End of fieldwork,2019,Not Known,
Zimbabwe,Percentage of women (aged 18-29 years) who experienced sexual violence by age 18,Total,18 to 19 years old,Total,Total,Total,Total,,%,,,2019,2.5,Reanalysed,Free,MICS 2019,,,,,End of fieldwork,2019,Not Known,
Zimbabwe,Percentage of women (aged 18-29 years) who experienced sexual violence by age 18,Total,20 to 24 years old,Total,Total,Total,Total,,%,,,2019,2.7,Reanalysed,Free,MICS 2019,,,,,End of fieldwork,2019,Not Known,
Zimbabwe,Percentage of women (aged 18-29 years) who experienced sexual violence by age 18,Total,25 to 29 years old,Total,Total,Total,Total,,%,,,2019,2,Reanalysed,Free,MICS 2019,,,,,End of fieldwork,2019,Not Known,
Colombia,Percentage of men (aged 18-29 years) who experienced sexual violence by age 18,Total,18 to 29 years old,Total,Total,Total,Total,,%,,,2015,0.3,Reanalysed,Free,DHS 2015,,,,,End of fieldwork,2015,Not Known,
Colombia,Percentage of men (aged 18-29 years) who experienced sexual violence by age 18,Total,18 to 19 years old,Total,Total,Total,Total,,%,,,2015,0.3,Reanalysed,Free,DHS 2015,,,,,End of fieldwork,2015,Not Known,
Colombia,Percentage of men (aged 18-29 years) who experienced sexual violence by age 18,Total,20 to 24 years old,Total,Total,Total,Total,,%,,,2015,0.2,Reanalysed,Free,DHS 2015,,,,,End of fieldwork,2015,Not Known,
Colombia,Percentage of men (aged 18-29 years) who experienced sexual violence by age 18,Total,25 to 29 years old,Total,Total,Total,Total,,%,,,2015,0.4,Reanalysed,Free,DHS 2015,,,,,End of fieldwork,2015,Not Known,
State of Palestine,Percentage of men (aged 18-29 years) who experienced sexual violence by age 18,Total,18 to 29 years old,Total,Total,Total,Total,,%,,,2019,3.5,Reanalysed,Free,Violence Survey of the Palestinian Society 2019,,,,,End of fieldwork,2019,Not Known,Unmarried men
Benin,Percentage of girls (aged 15-17 years) who have experienced sexual violence,Total,15 to 17 years old,Total,Total,Total,Total,,%,,,2018,4.9,Reanalysed,Free,DHS 2017-18,,,,,End of fieldwork,2018,Not Known,
Equatorial Guinea,Percentage of girls (aged 15-17 years) who have experienced sexual violence,Total,15 to 19 years old,Total,Total,Total,Total,,%,,,2011,17,Reanalysed,Free,DHS 2011,,,,,End of fieldwork,2011,Not Known,
Mali,Percentage of girls (aged 15-17 years) who have experienced sexual violence,Total,15 to 17 years old,Total,Total,Total,Total,,%,,,2018,5.2,Reanalysed,Free,DHS 2018,,,,,End of fieldwork,2018,Not Known,"Kidal only covered in urban areas, rural excluded."
Mexico,Percentage of girls (aged 15-17 years) who have experienced sexual violence,Total,15 to 17 years old,Total,Total,Total,Total,,%,,,2016,3.4,Reanalysed,Free,ENDIREH 2016,,,,,End of fieldwork,2016,Not Known,"Includes some selected forms of sexual violence most consistent with those covered in the DHS definition. Specifically questions: p6_6_15, p7_9_13, p8_1_13, p10_1,3, p11_12_4, p11_12_5, p12_16_14, p12_17_5, p13_1_25, p13_1_26 and p13_1_26"
Nigeria,Percentage of girls (aged 15-17 years) who have experienced sexual violence,Total,15 to 17 years old,Total,Total,Total,Total,,%,,,2018,5.9,Reanalysed,Free,DHS 2018,,,,,End of fieldwork,2018,Not Known,
Papua New Guinea,Percentage of girls (aged 15-17 years) who have experienced sexual violence,Total,15 to 17 years old,Total,Total,Total,Total,,%,,,2018,9.7,Reanalysed,Free,DHS 2016-18,,,,,End of fieldwork,2016-18,Not Known,
South Africa,Percentage of girls (aged 15-17 years) who have experienced sexual violence,Total,18 to 19 years old,Total,Total,Total,Total,,%,,,2016,2.3,Reanalysed,Free,DHS 2016,,,,,End of fieldwork,2016,Not Known,
Benin,Percentage of girls (aged 15-17 years) who have ever experienced any sexual violence and sought help from a professional,Total,15 to 17 years old,Total,Total,Total,Total,,%,,,2018,4.5,Low reliability,Free,DHS 2017-18,,,,,End of fieldwork,2017-18,Not Known,
Nigeria,Percentage of girls (aged 15-17 years) who have ever experienced any sexual violence and sought help from a professional,Total,15 to 17 years old,Total,Total,Total,Total,,%,,,2018,0,Reanalysed,Free,DHS 2018,,,,,End of fieldwork,2018,Not Known,
Papua New Guinea,Percentage of girls (aged 15-17 years) who have ever experienced any sexual violence and sought help from a professional,Total,15 to 17 years old,Total,Total,Total,Total,,%,,,2018,0.8,Low reliability,Free,DHS 2016-18,,,,,End of fieldwork,2016-18,Not Known,
